<Book><BookInfo><ID>-1662680844110</ID><Name><![CDATA[]]></Name><BookType>interact_book_hor</BookType><DeviceType>iphone_book</DeviceType><DeviceVersion>null</DeviceVersion><PlatformType>android_platform</PlatformType><Description><![CDATA[]]></Description><HomePageID>-1727012973745</HomePageID><StartPageTime><![CDATA[0.5]]></StartPageTime><IsLoadSnap>true</IsLoadSnap><IsLoadNavigation>true</IsLoadNavigation><BookFlipType>slider_flip</BookFlipType><BookNavType>threed_navigation_view</BookNavType><BookControllerType>book_view_type</BookControllerType><Proportion>false</Proportion><AndroidAdapterType>KEEPSIZE_SCALE</AndroidAdapterType><IsFree>true</IsFree><BookMark><IsShowBookMark>false</IsShowBookMark><IsShowBookMarkLabel>true</IsShowBookMarkLabel><BookMarkLablePositon>left|bottom</BookMarkLablePositon><BookMarkLabelHorGap>20</BookMarkLabelHorGap><BookMarkLabelVerGap>20</BookMarkLabelVerGap><BookMarkLabelText><![CDATA[Smart Apps Creator]]></BookMarkLabelText></BookMark><BookWidth>1920</BookWidth><BookHeight>1080</BookHeight><ADType>4</ADType><ADPosition>top</ADPosition><ExeStyleType>IOS_STYLE</ExeStyleType><ProductID></ProductID><ReferenceName><![CDATA[]]></ReferenceName><PushID></PushID><ActivePush>false</ActivePush><FullScreen>false</FullScreen><Buttons><Button><X>0</X><Y>0</Y><Width>132</Width><Height>132</Height><Type>home_page_btn</Type><isVisible>false</isVisible><LayoutType>LEFT_TOP</LayoutType><Vergap>0</Vergap><Horgap>0</Horgap><UserDefNav>false</UserDefNav><Source></Source><SelectedSource></SelectedSource></Button><Button><X>1788</X><Y>0</Y><Width>132</Width><Height>132</Height><Type>open_navigate_btn</Type><isVisible>false</isVisible><LayoutType>RIGHT_TOP</LayoutType><Vergap>0</Vergap><Horgap>0</Horgap><UserDefNav>false</UserDefNav><Source></Source><SelectedSource></SelectedSource></Button><Button><X>0</X><Y>474</Y><Width>132</Width><Height>132</Height><Type>pre_page_btn</Type><isVisible>false</isVisible><LayoutType>LEFT_TOP</LayoutType><Vergap>474</Vergap><Horgap>0</Horgap><UserDefNav>false</UserDefNav><Source></Source><SelectedSource></SelectedSource></Button><Button><X>1788</X><Y>474</Y><Width>132</Width><Height>132</Height><Type>next_page_btn</Type><isVisible>false</isVisible><LayoutType>RIGHT_TOP</LayoutType><Vergap>474</Vergap><Horgap>0</Horgap><UserDefNav>false</UserDefNav><Source></Source><SelectedSource></SelectedSource></Button></Buttons></BookInfo><Snapshots><Snapshot> <SnapshotId>-1727090770031.png</SnapshotId><SnapshotWidth>1920</SnapshotWidth><SnapshotHeight>1080</SnapshotHeight><PageId>-1662680844166</PageId><PageTitle><![CDATA[]]></PageTitle></Snapshot> <Snapshot> <SnapshotId>-1727016317501.jpg</SnapshotId><SnapshotWidth>640</SnapshotWidth><SnapshotHeight>360</SnapshotHeight><PageId>-1662700650178</PageId><PageTitle><![CDATA[]]></PageTitle></Snapshot> <Snapshot> <SnapshotId>-1664943716617.jpg</SnapshotId><SnapshotWidth>640</SnapshotWidth><SnapshotHeight>360</SnapshotHeight><PageId>-1662730096225</PageId><PageTitle><![CDATA[]]></PageTitle></Snapshot> <Snapshot> <SnapshotId>-1664943717585.jpg</SnapshotId><SnapshotWidth>640</SnapshotWidth><SnapshotHeight>360</SnapshotHeight><PageId>-1662736911681</PageId><PageTitle><![CDATA[]]></PageTitle></Snapshot> <Snapshot> <SnapshotId>-1664943718619.jpg</SnapshotId><SnapshotWidth>640</SnapshotWidth><SnapshotHeight>360</SnapshotHeight><PageId>-1662902540831</PageId><PageTitle><![CDATA[]]></PageTitle></Snapshot> <Snapshot> <SnapshotId>-1664943719650.jpg</SnapshotId><SnapshotWidth>640</SnapshotWidth><SnapshotHeight>360</SnapshotHeight><PageId>-1662968758845</PageId><PageTitle><![CDATA[]]></PageTitle></Snapshot> <Snapshot> <SnapshotId>-1663469078653.jpg</SnapshotId><SnapshotWidth>640</SnapshotWidth><SnapshotHeight>360</SnapshotHeight><PageId>-1662972360047</PageId><PageTitle><![CDATA[]]></PageTitle></Snapshot> <Snapshot> <SnapshotId>-1664943720650.jpg</SnapshotId><SnapshotWidth>640</SnapshotWidth><SnapshotHeight>360</SnapshotHeight><PageId>-1663129723952</PageId><PageTitle><![CDATA[]]></PageTitle></Snapshot> <Snapshot> <SnapshotId>-1664943721696.jpg</SnapshotId><SnapshotWidth>640</SnapshotWidth><SnapshotHeight>360</SnapshotHeight><PageId>-1663332493657</PageId><PageTitle><![CDATA[]]></PageTitle></Snapshot> <Snapshot> <SnapshotId>-1664943722743.jpg</SnapshotId><SnapshotWidth>640</SnapshotWidth><SnapshotHeight>360</SnapshotHeight><PageId>-1663332931282</PageId><PageTitle><![CDATA[]]></PageTitle></Snapshot> <Snapshot> <SnapshotId>-1727016318768.jpg</SnapshotId><SnapshotWidth>640</SnapshotWidth><SnapshotHeight>360</SnapshotHeight><PageId>-1663335579253</PageId><PageTitle><![CDATA[]]></PageTitle></Snapshot> <Snapshot> <SnapshotId>-1727084861826.jpg</SnapshotId><SnapshotWidth>640</SnapshotWidth><SnapshotHeight>360</SnapshotHeight><PageId>-1663337008498</PageId><PageTitle><![CDATA[]]></PageTitle></Snapshot> <Snapshot> <SnapshotId>-1727084862924.jpg</SnapshotId><SnapshotWidth>640</SnapshotWidth><SnapshotHeight>360</SnapshotHeight><PageId>-1663338065656</PageId><PageTitle><![CDATA[]]></PageTitle></Snapshot> <Snapshot> <SnapshotId>-1664943723774.jpg</SnapshotId><SnapshotWidth>640</SnapshotWidth><SnapshotHeight>360</SnapshotHeight><PageId>-1663338744150</PageId><PageTitle><![CDATA[]]></PageTitle></Snapshot> <Snapshot> <SnapshotId>-1664943724852.jpg</SnapshotId><SnapshotWidth>640</SnapshotWidth><SnapshotHeight>360</SnapshotHeight><PageId>-1663339163547</PageId><PageTitle><![CDATA[]]></PageTitle></Snapshot> <Snapshot> <SnapshotId>-1664943725821.jpg</SnapshotId><SnapshotWidth>640</SnapshotWidth><SnapshotHeight>360</SnapshotHeight><PageId>-1663380640133</PageId><PageTitle><![CDATA[]]></PageTitle></Snapshot> <Snapshot> <SnapshotId>-1664943726933.jpg</SnapshotId><SnapshotWidth>640</SnapshotWidth><SnapshotHeight>360</SnapshotHeight><PageId>-1663381452125</PageId><PageTitle><![CDATA[]]></PageTitle></Snapshot> <Snapshot> <SnapshotId>-1664943727901.jpg</SnapshotId><SnapshotWidth>640</SnapshotWidth><SnapshotHeight>360</SnapshotHeight><PageId>-1663382493140</PageId><PageTitle><![CDATA[]]></PageTitle></Snapshot> <Snapshot> <SnapshotId>-1664943729026.jpg</SnapshotId><SnapshotWidth>640</SnapshotWidth><SnapshotHeight>360</SnapshotHeight><PageId>-1663382536825</PageId><PageTitle><![CDATA[]]></PageTitle></Snapshot> <Snapshot> <SnapshotId>-1664943729979.jpg</SnapshotId><SnapshotWidth>640</SnapshotWidth><SnapshotHeight>360</SnapshotHeight><PageId>-1663383679424</PageId><PageTitle><![CDATA[]]></PageTitle></Snapshot> <Snapshot> <SnapshotId>-1664943744377.jpg</SnapshotId><SnapshotWidth>640</SnapshotWidth><SnapshotHeight>360</SnapshotHeight><PageId>-1663467044605</PageId><PageTitle><![CDATA[]]></PageTitle></Snapshot> <Snapshot> <SnapshotId>-1664943745393.jpg</SnapshotId><SnapshotWidth>640</SnapshotWidth><SnapshotHeight>360</SnapshotHeight><PageId>-1663467045092</PageId><PageTitle><![CDATA[]]></PageTitle></Snapshot> <Snapshot> <SnapshotId>-1664943746361.jpg</SnapshotId><SnapshotWidth>640</SnapshotWidth><SnapshotHeight>360</SnapshotHeight><PageId>-1663467045600</PageId><PageTitle><![CDATA[]]></PageTitle></Snapshot> <Snapshot> <SnapshotId>-1664943747455.jpg</SnapshotId><SnapshotWidth>640</SnapshotWidth><SnapshotHeight>360</SnapshotHeight><PageId>-1663467046101</PageId><PageTitle><![CDATA[]]></PageTitle></Snapshot> <Snapshot> <SnapshotId>-1664943748439.jpg</SnapshotId><SnapshotWidth>640</SnapshotWidth><SnapshotHeight>360</SnapshotHeight><PageId>-1663467046596</PageId><PageTitle><![CDATA[]]></PageTitle></Snapshot> <Snapshot> <SnapshotId>-1664943749486.jpg</SnapshotId><SnapshotWidth>640</SnapshotWidth><SnapshotHeight>360</SnapshotHeight><PageId>-1663467046945</PageId><PageTitle><![CDATA[]]></PageTitle></Snapshot> <Snapshot> <SnapshotId>-1727016320268.jpg</SnapshotId><SnapshotWidth>640</SnapshotWidth><SnapshotHeight>360</SnapshotHeight><PageId>-1727012948351</PageId><PageTitle><![CDATA[]]></PageTitle></Snapshot> <Snapshot> <SnapshotId>-1727016321400.jpg</SnapshotId><SnapshotWidth>640</SnapshotWidth><SnapshotHeight>360</SnapshotHeight><PageId>-1727012973745</PageId><PageTitle><![CDATA[]]></PageTitle></Snapshot> </Snapshots><Pages><Page><ID>-1662680844166</ID></Page><Page><ID>-1662700650178</ID></Page><Page><ID>-1662730096225</ID></Page><Page><ID>-1662736911681</ID></Page><Page><ID>-1662902540831</ID></Page><Page><ID>-1662968758845</ID></Page><Page><ID>-1662972360047</ID></Page><Page><ID>-1663129723952</ID></Page><Page><ID>-1663332493657</ID></Page><Page><ID>-1663332931282</ID></Page><Page><ID>-1663335579253</ID></Page><Page><ID>-1663337008498</ID></Page><Page><ID>-1663338065656</ID></Page><Page><ID>-1663338744150</ID></Page><Page><ID>-1663339163547</ID></Page><Page><ID>-1663380640133</ID></Page><Page><ID>-1663381452125</ID></Page><Page><ID>-1663382493140</ID></Page><Page><ID>-1663382536825</ID></Page><Page><ID>-1663383679424</ID></Page><Page><ID>-1663467044605</ID></Page><Page><ID>-1663467045092</ID></Page><Page><ID>-1663467045600</ID></Page><Page><ID>-1663467046101</ID></Page><Page><ID>-1663467046596</ID></Page><Page><ID>-1663467046945</ID></Page><Page><ID>-1727012948351</ID></Page><Page><ID>-1727012973745</ID></Page></Pages><StartPageID>-1662680844166</StartPageID><Sections><Section><ID>-1662682120656</ID><Name>Default%20Section</Name><isReverseSize>false</isReverseSize><isNeedPaid>false</isNeedPaid><Pages><Page>-1727012973745</Page><Page>-1727012948351</Page><Page>-1663335579253</Page><Page>-1662700650178</Page><Page>-1662730096225</Page><Page>-1662736911681</Page><Page>-1663332493657</Page><Page>-1663332931282</Page><Page>-1663338744150</Page><Page>-1663339163547</Page><Page>-1662902540831</Page><Page>-1663337008498</Page><Page>-1663129723952</Page><Page>-1662968758845</Page><Page>-1663380640133</Page><Page>-1663381452125</Page><Page>-1663382493140</Page><Page>-1663382536825</Page><Page>-1663383679424</Page><Page>-1663338065656</Page><Page>-1662972360047</Page><Page>-1663467044605</Page><Page>-1663467045092</Page><Page>-1663467045600</Page><Page>-1663467046101</Page><Page>-1663467046596</Page><Page>-1663467046945</Page></Pages></Section></Sections></Book>